Item,Category
Dust particle,1
Eyelash,1
Pollen grain,1
Soap bubble,1
Snowflake,1
Ash speck,1
Mite,1
Single grain of salt,1
Microfiber fragment,1
Feather down,1
Dust particle,1
Eyelash,1
Pollen grain,1
Soap bubble,1
Snowflake,1
Ash speck,1
Mite,1
Single grain of salt,1
Microfiber fragment,1
Feather down,1
Dust particle,1
Eyelash,1
Pollen grain,1
Soap bubble,1
Snowflake,1
Ash speck,1
Mite,1
Single grain of salt,1
Microfiber fragment,1
Feather down,1
Dust particle,1
Eyelash,1
Pollen grain,1
Soap bubble,1
Snowflake,1
Ash speck,1
Mite,1
Single grain of salt,1
Microfiber fragment,1
Feather down,1
Dust particle,1
Eyelash,1
Pollen grain,1
Soap bubble,1
Snowflake,1
Ash speck,1
Mite,1
Single grain of salt,1
Microfiber fragment,1
Feather down,1
Dust particle,1
Eyelash,1
Pollen grain,1
Soap bubble,1
Snowflake,1
Ash speck,1
Mite,1
Single grain of salt,1
Microfiber fragment,1
Feather down,1
Dust particle,1
Eyelash,1
Pollen grain,1
Soap bubble,1
Snowflake,1
Ash speck,1
Mite,1
Single grain of salt,1
Microfiber fragment,1
Feather down,1
Dust particle,1
Eyelash,1
Pollen grain,1
Soap bubble,1
Snowflake,1
Ash speck,1
Mite,1
Single grain of salt,1
Microfiber fragment,1
Feather down,1
Dust particle,1
Eyelash,1
Pollen grain,1
Soap bubble,1
Snowflake,1
Ash speck,1
Mite,1
Single grain of salt,1
Microfiber fragment,1
Feather down,1
Dust particle,1
Eyelash,1
Pollen grain,1
Soap bubble,1
Snowflake,1
Ash speck,1
Mite,1
Single grain of salt,1
Microfiber fragment,1
Feather down,1
Dust particle,1
Eyelash,1
Pollen grain,1
Soap bubble,1
Snowflake,1
Ash speck,1
Mite,1
Single grain of salt,1
Microfiber fragment,1
Feather down,1
Dust particle,1
Eyelash,1
Pollen grain,1
Soap bubble,1
Snowflake,1
Ash speck,1
Mite,1
Single grain of salt,1
Microfiber fragment,1
Feather down,1
Dust particle,1
Eyelash,1
Pollen grain,1
Soap bubble,1
Snowflake,1
Ash speck,1
Mite,1
Single grain of salt,1
Microfiber fragment,1
Feather down,1
Dust particle,1
Eyelash,1
Pollen grain,1
Soap bubble,1
Snowflake,1
Ash speck,1
Mite,1
Single grain of salt,1
Microfiber fragment,1
Feather down,1
Dust particle,1
Eyelash,1
Pollen grain,1
Soap bubble,1
Snowflake,1
Ash speck,1
Mite,1
Single grain of salt,1
Microfiber fragment,1
Feather down,1
Dust particle,1
Eyelash,1
Pollen grain,1
Soap bubble,1
Snowflake,1
Ash speck,1
Mite,1
Single grain of salt,1
Microfiber fragment,1
Feather down,1
Dust particle,1
Eyelash,1
Pollen grain,1
Soap bubble,1
Snowflake,1
Ash speck,1
Mite,1
Single grain of salt,1
Microfiber fragment,1
Feather down,1
Dust particle,1
Eyelash,1
Pollen grain,1
Soap bubble,1
Snowflake,1
Ash speck,1
Mite,1
Single grain of salt,1
Microfiber fragment,1
Feather down,1
Dust particle,1
Eyelash,1
Pollen grain,1
Soap bubble,1
Snowflake,1
Ash speck,1
Mite,1
Single grain of salt,1
Microfiber fragment,1
Feather down,1
Dust particle,1
Eyelash,1
Pollen grain,1
Soap bubble,1
Snowflake,1
Ash speck,1
Mite,1
Single grain of salt,1
Microfiber fragment,1
Feather down,1
Dust particle,1
Eyelash,1
Pollen grain,1
Soap bubble,1
Snowflake,1
Ash speck,1
Mite,1
Single grain of salt,1
Microfiber fragment,1
Feather down,1
Dust particle,1
Eyelash,1
Pollen grain,1
Soap bubble,1
Snowflake,1
Ash speck,1
Mite,1
Single grain of salt,1
Microfiber fragment,1
Feather down,1
Dust particle,1
Eyelash,1
Pollen grain,1
Soap bubble,1
Snowflake,1
Ash speck,1
Mite,1
Single grain of salt,1
Microfiber fragment,1
Feather down,1
Dust particle,1
Eyelash,1
Pollen grain,1
Soap bubble,1
Snowflake,1
Ash speck,1
Mite,1
Single grain of salt,1
Microfiber fragment,1
Feather down,1
Dust particle,1
Eyelash,1
Pollen grain,1
Soap bubble,1
Snowflake,1
Ash speck,1
Mite,1
Single grain of salt,1
Microfiber fragment,1
Feather down,1
Dust particle,1
Eyelash,1
Pollen grain,1
Soap bubble,1
Snowflake,1
Ash speck,1
Mite,1
Single grain of salt,1
Microfiber fragment,1
Feather down,1
Dust particle,1
Eyelash,1
Pollen grain,1
Soap bubble,1
Snowflake,1
Ash speck,1
Mite,1
Single grain of salt,1
Microfiber fragment,1
Feather down,1
Dust particle,1
Eyelash,1
Pollen grain,1
Soap bubble,1
Snowflake,1
Ash speck,1
Mite,1
Single grain of salt,1
Microfiber fragment,1
Feather down,1
Dust particle,1
Eyelash,1
Pollen grain,1
Soap bubble,1
Snowflake,1
Ash speck,1
Mite,1
Single grain of salt,1
Microfiber fragment,1
Feather down,1
Dust particle,1
Eyelash,1
Pollen grain,1
Soap bubble,1
Snowflake,1
Ash speck,1
Mite,1
Single grain of salt,1
Microfiber fragment,1
Feather down,1
Dust particle,1
Eyelash,1
Pollen grain,1
Soap bubble,1
Snowflake,1
Ash speck,1
Mite,1
Single grain of salt,1
Microfiber fragment,1
Feather down,1
Dust particle,1
Eyelash,1
Pollen grain,1
Soap bubble,1
Snowflake,1
Ash speck,1
Mite,1
Single grain of salt,1
Microfiber fragment,1
Feather down,1
Dust particle,1
Eyelash,1
Pollen grain,1
Soap bubble,1
Snowflake,1
Ash speck,1
Mite,1
Single grain of salt,1
Microfiber fragment,1
Feather down,1
Dust particle,1
Eyelash,1
Pollen grain,1
Soap bubble,1
Snowflake,1
Ash speck,1
Mite,1
Single grain of salt,1
Microfiber fragment,1
Feather down,1
Dust particle,1
Eyelash,1
Pollen grain,1
Soap bubble,1
Snowflake,1
Ash speck,1
Mite,1
Single grain of salt,1
Microfiber fragment,1
Feather down,1
Dust particle,1
Eyelash,1
Pollen grain,1
Soap bubble,1
Snowflake,1
Ash speck,1
Mite,1
Single grain of salt,1
Microfiber fragment,1
Feather down,1
Dust particle,1
Eyelash,1
Pollen grain,1
Soap bubble,1
Snowflake,1
Ash speck,1
Mite,1
Single grain of salt,1
Microfiber fragment,1
Feather down,1
Dust particle,1
Eyelash,1
Pollen grain,1
Soap bubble,1
Snowflake,1
Ash speck,1
Mite,1
Single grain of salt,1
Microfiber fragment,1
Feather down,1
Dust particle,1
Eyelash,1
Pollen grain,1
Soap bubble,1
Snowflake,1
Ash speck,1
Mite,1
Single grain of salt,1
Microfiber fragment,1
Feather down,1
Dust particle,1
Eyelash,1
Pollen grain,1
Soap bubble,1
Snowflake,1
Ash speck,1
Mite,1
Single grain of salt,1
Microfiber fragment,1
Feather down,1
Dust particle,1
Eyelash,1
Pollen grain,1
Soap bubble,1
Snowflake,1
Ash speck,1
Mite,1
Single grain of salt,1
Microfiber fragment,1
Feather down,1
Dust particle,1
Eyelash,1
Pollen grain,1
Soap bubble,1
Snowflake,1
Ash speck,1
Mite,1
Single grain of salt,1
Microfiber fragment,1
Feather down,1
Dust particle,1
Eyelash,1
Pollen grain,1
Soap bubble,1
Snowflake,1
Ash speck,1
Mite,1
Single grain of salt,1
Microfiber fragment,1
Feather down,1
Dust particle,1
Eyelash,1
Pollen grain,1
Soap bubble,1
Snowflake,1
Ash speck,1
Mite,1
Single grain of salt,1
Microfiber fragment,1
Feather down,1
Dust particle,1
Eyelash,1
Pollen grain,1
Soap bubble,1
Snowflake,1
Ash speck,1
Mite,1
Single grain of salt,1
Microfiber fragment,1
Feather down,1
Dust particle,1
Eyelash,1
Pollen grain,1
Soap bubble,1
Snowflake,1
Ash speck,1
Mite,1
Single grain of salt,1
Microfiber fragment,1
Feather down,1
Dust particle,1
Eyelash,1
Pollen grain,1
Soap bubble,1
Snowflake,1
Ash speck,1
Mite,1
Single grain of salt,1
Microfiber fragment,1
Feather down,1
Dust particle,1
Eyelash,1
Pollen grain,1
Soap bubble,1
Snowflake,1
Ash speck,1
Mite,1
Single grain of salt,1
Microfiber fragment,1
Feather down,1
Dust particle,1
Eyelash,1
Pollen grain,1
Soap bubble,1
Snowflake,1
Ash speck,1
Mite,1
Single grain of salt,1
Microfiber fragment,1
Feather down,1
Dust particle,1
Eyelash,1
Pollen grain,1
Soap bubble,1
Snowflake,1
Ash speck,1
Mite,1
Single grain of salt,1
Microfiber fragment,1
Feather down,1
Dust particle,1
Eyelash,1
Pollen grain,1
Soap bubble,1
Snowflake,1
Ash speck,1
Mite,1
Single grain of salt,1
Microfiber fragment,1
Feather down,1
Dust particle,1
Eyelash,1
Pollen grain,1
Soap bubble,1
Snowflake,1
Ash speck,1
Mite,1
Single grain of salt,1
Microfiber fragment,1
Feather down,1
Dust particle,1
Eyelash,1
Pollen grain,1
Soap bubble,1
Snowflake,1
Ash speck,1
Mite,1
Single grain of salt,1
Microfiber fragment,1
Feather down,1
Dust particle,1
Eyelash,1
Pollen grain,1
Soap bubble,1
Snowflake,1
Ash speck,1
Mite,1
Single grain of salt,1
Microfiber fragment,1
Feather down,1
Dust particle,1
Eyelash,1
Pollen grain,1
Soap bubble,1
Snowflake,1
Ash speck,1
Mite,1
Single grain of salt,1
Microfiber fragment,1
Feather down,1
Dust particle,1
Eyelash,1
Pollen grain,1
Soap bubble,1
Snowflake,1
Ash speck,1
Mite,1
Single grain of salt,1
Microfiber fragment,1
Feather down,1
Dust particle,1
Eyelash,1
Pollen grain,1
Soap bubble,1
Snowflake,1
Ash speck,1
Mite,1
Single grain of salt,1
Microfiber fragment,1
Feather down,1
Dust particle,1
Eyelash,1
Pollen grain,1
Soap bubble,1
Snowflake,1
Ash speck,1
Mite,1
Single grain of salt,1
Microfiber fragment,1
Feather down,1
Dust particle,1
Eyelash,1
Pollen grain,1
Soap bubble,1
Snowflake,1
Ash speck,1
Mite,1
Single grain of salt,1
Microfiber fragment,1
Feather down,1
Dust particle,1
Eyelash,1
Pollen grain,1
Soap bubble,1
Snowflake,1
Ash speck,1
Mite,1
Single grain of salt,1
Microfiber fragment,1
Feather down,1
Dust particle,1
Eyelash,1
Pollen grain,1
Soap bubble,1
Snowflake,1
Ash speck,1
Mite,1
Single grain of salt,1
Microfiber fragment,1
Feather down,1
Dust particle,1
Eyelash,1
Pollen grain,1
Soap bubble,1
Snowflake,1
Ash speck,1
Mite,1
Single grain of salt,1
Microfiber fragment,1
Feather down,1
Dust particle,1
Eyelash,1
Pollen grain,1
Soap bubble,1
Snowflake,1
Ash speck,1
Mite,1
Single grain of salt,1
Microfiber fragment,1
Feather down,1
Dust particle,1
Eyelash,1
Pollen grain,1
Soap bubble,1
Snowflake,1
Ash speck,1
Mite,1
Single grain of salt,1
Microfiber fragment,1
Feather down,1
Dust particle,1
Eyelash,1
Pollen grain,1
Soap bubble,1
Snowflake,1
Ash speck,1
Mite,1
Single grain of salt,1
Microfiber fragment,1
Feather down,1
Dust particle,1
Eyelash,1
Pollen grain,1
Soap bubble,1
Snowflake,1
Ash speck,1
Mite,1
Single grain of salt,1
Microfiber fragment,1
Feather down,1
Dust particle,1
Eyelash,1
Pollen grain,1
Soap bubble,1
Snowflake,1
Ash speck,1
Mite,1
Single grain of salt,1
Microfiber fragment,1
Feather down,1
Dust particle,1
Eyelash,1
Pollen grain,1
Soap bubble,1
Snowflake,1
Ash speck,1
Mite,1
Single grain of salt,1
Microfiber fragment,1
Feather down,1
Dust particle,1
Eyelash,1
Pollen grain,1
Soap bubble,1
Snowflake,1
Ash speck,1
Mite,1
Single grain of salt,1
Microfiber fragment,1
Feather down,1
Dust particle,1
Eyelash,1
Pollen grain,1
Soap bubble,1
Snowflake,1
Ash speck,1
Mite,1
Single grain of salt,1
Microfiber fragment,1
Feather down,1
Dust particle,1
Eyelash,1
Pollen grain,1
Soap bubble,1
Snowflake,1
Ash speck,1
Mite,1
Single grain of salt,1
Microfiber fragment,1
Feather down,1
Dust particle,1
Eyelash,1
Pollen grain,1
Soap bubble,1
Snowflake,1
Ash speck,1
Mite,1
Single grain of salt,1
Microfiber fragment,1
Feather down,1
Dust particle,1
Eyelash,1
Pollen grain,1
Soap bubble,1
Snowflake,1
Ash speck,1
Mite,1
Single grain of salt,1
Microfiber fragment,1
Feather down,1
Dust particle,1
Eyelash,1
Pollen grain,1
Soap bubble,1
Snowflake,1
Ash speck,1
Mite,1
Single grain of salt,1
Microfiber fragment,1
Feather down,1
Dust particle,1
Eyelash,1
Pollen grain,1
Soap bubble,1
Snowflake,1
Ash speck,1
Mite,1
Single grain of salt,1
Microfiber fragment,1
Feather down,1
Dust particle,1
Eyelash,1
Pollen grain,1
Soap bubble,1
Snowflake,1
Ash speck,1
Mite,1
Single grain of salt,1
Microfiber fragment,1
Feather down,1
Dust particle,1
Eyelash,1
Pollen grain,1
Soap bubble,1
Snowflake,1
Ash speck,1
Mite,1
Single grain of salt,1
Microfiber fragment,1
Feather down,1
Dust particle,1
Eyelash,1
Pollen grain,1
Soap bubble,1
Snowflake,1
Ash speck,1
Mite,1
Single grain of salt,1
Microfiber fragment,1
Feather down,1
Dust particle,1
Eyelash,1
Pollen grain,1
Soap bubble,1
Snowflake,1
Ash speck,1
Mite,1
Single grain of salt,1
Microfiber fragment,1
Feather down,1
Dust particle,1
Eyelash,1
Pollen grain,1
Soap bubble,1
Snowflake,1
Ash speck,1
Mite,1
Single grain of salt,1
Microfiber fragment,1
Feather down,1
Dust particle,1
Eyelash,1
Pollen grain,1
Soap bubble,1
Snowflake,1
Ash speck,1
Mite,1
Single grain of salt,1
Microfiber fragment,1
Feather down,1
Dust particle,1
Eyelash,1
Pollen grain,1
Soap bubble,1
Snowflake,1
Ash speck,1
Mite,1
Single grain of salt,1
Microfiber fragment,1
Feather down,1
Dust particle,1
Eyelash,1
Pollen grain,1
Soap bubble,1
Snowflake,1
Ash speck,1
Mite,1
Single grain of salt,1
Microfiber fragment,1
Feather down,1
Dust particle,1
Eyelash,1
Pollen grain,1
Soap bubble,1
Snowflake,1
Ash speck,1
Mite,1
Single grain of salt,1
Microfiber fragment,1
Feather down,1
Dust particle,1
Eyelash,1
Pollen grain,1
Soap bubble,1
Snowflake,1
Ash speck,1
Mite,1
Single grain of salt,1
Microfiber fragment,1
Feather down,1
Dust particle,1
Eyelash,1
Pollen grain,1
Soap bubble,1
Snowflake,1
Ash speck,1
Mite,1
Single grain of salt,1
Microfiber fragment,1
Feather down,1
Dust particle,1
Eyelash,1
Pollen grain,1
Soap bubble,1
Snowflake,1
Ash speck,1
Mite,1
Single grain of salt,1
Microfiber fragment,1
Feather down,1
Dust particle,1
Eyelash,1
Pollen grain,1
Soap bubble,1
Snowflake,1
Ash speck,1
Mite,1
Single grain of salt,1
Microfiber fragment,1
Feather down,1
Dust particle,1
Eyelash,1
Pollen grain,1
Soap bubble,1
Snowflake,1
Ash speck,1
Mite,1
Single grain of salt,1
Microfiber fragment,1
Feather down,1
Dust particle,1
Eyelash,1
Pollen grain,1
Soap bubble,1
Snowflake,1
Ash speck,1
Mite,1
Single grain of salt,1
Microfiber fragment,1
Feather down,1
Dust particle,1
Eyelash,1
Pollen grain,1
Soap bubble,1
Snowflake,1
Ash speck,1
Mite,1
Single grain of salt,1
Microfiber fragment,1
Feather down,1
Dust particle,1
Eyelash,1
Pollen grain,1
Soap bubble,1
Snowflake,1
Ash speck,1
Mite,1
Single grain of salt,1
Microfiber fragment,1
Feather down,1
Dust particle,1
Eyelash,1
Pollen grain,1
Soap bubble,1
Snowflake,1
Ash speck,1
Mite,1
Single grain of salt,1
Microfiber fragment,1
Feather down,1
Dust particle,1
Eyelash,1
Pollen grain,1
Soap bubble,1
Snowflake,1
Ash speck,1
Mite,1
Single grain of salt,1
Microfiber fragment,1
Feather down,1
Dust particle,1
Eyelash,1
Pollen grain,1
Soap bubble,1
Snowflake,1
Ash speck,1
Mite,1
Single grain of salt,1
Microfiber fragment,1
Feather down,1
Dust particle,1
Eyelash,1
Pollen grain,1
Soap bubble,1
Snowflake,1
Ash speck,1
Mite,1
Single grain of salt,1
Microfiber fragment,1
Feather down,1
Dust particle,1
Eyelash,1
Pollen grain,1
Soap bubble,1
Snowflake,1
Ash speck,1
Mite,1
Single grain of salt,1
Microfiber fragment,1
Feather down,1
Dust particle,1
Eyelash,1
Pollen grain,1
Soap bubble,1
Snowflake,1
Ash speck,1
Mite,1
Single grain of salt,1
Microfiber fragment,1
Feather down,1
Dust particle,1
Eyelash,1
Pollen grain,1
Soap bubble,1
Snowflake,1
Ash speck,1
Mite,1
Single grain of salt,1
Microfiber fragment,1
Feather down,1
Dust particle,1
Eyelash,1
Pollen grain,1
Soap bubble,1
Snowflake,1
Ash speck,1
Mite,1
Single grain of salt,1
Microfiber fragment,1
Feather down,1
Sheet of paper,2
Paperclip,2
Staple,2
LED light,2
Toothpick,2
Plastic spoon,2
Ruler,2
Deck of cards,2
Keychain,2
Ping pong ball,2
Sheet of paper,2
Paperclip,2
Staple,2
LED light,2
Toothpick,2
Plastic spoon,2
Ruler,2
Deck of cards,2
Keychain,2
Ping pong ball,2
Sheet of paper,2
Paperclip,2
Staple,2
LED light,2
Toothpick,2
Plastic spoon,2
Ruler,2
Deck of cards,2
Keychain,2
Ping pong ball,2
Sheet of paper,2
Paperclip,2
Staple,2
LED light,2
Toothpick,2
Plastic spoon,2
Ruler,2
Deck of cards,2
Keychain,2
Ping pong ball,2
Sheet of paper,2
Paperclip,2
Staple,2
LED light,2
Toothpick,2
Plastic spoon,2
Ruler,2
Deck of cards,2
Keychain,2
Ping pong ball,2
Sheet of paper,2
Paperclip,2
Staple,2
LED light,2
Toothpick,2
Plastic spoon,2
Ruler,2
Deck of cards,2
Keychain,2
Ping pong ball,2
Sheet of paper,2
Paperclip,2
Staple,2
LED light,2
Toothpick,2
Plastic spoon,2
Ruler,2
Deck of cards,2
Keychain,2
Ping pong ball,2
Sheet of paper,2
Paperclip,2
Staple,2
LED light,2
Toothpick,2
Plastic spoon,2
Ruler,2
Deck of cards,2
Keychain,2
Ping pong ball,2
Sheet of paper,2
Paperclip,2
Staple,2
LED light,2
Toothpick,2
Plastic spoon,2
Ruler,2
Deck of cards,2
Keychain,2
Ping pong ball,2
Sheet of paper,2
Paperclip,2
Staple,2
LED light,2
Toothpick,2
Plastic spoon,2
Ruler,2
Deck of cards,2
Keychain,2
Ping pong ball,2
Sheet of paper,2
Paperclip,2
Staple,2
LED light,2
Toothpick,2
Plastic spoon,2
Ruler,2
Deck of cards,2
Keychain,2
Ping pong ball,2
Sheet of paper,2
Paperclip,2
Staple,2
LED light,2
Toothpick,2
Plastic spoon,2
Ruler,2
Deck of cards,2
Keychain,2
Ping pong ball,2
Sheet of paper,2
Paperclip,2
Staple,2
LED light,2
Toothpick,2
Plastic spoon,2
Ruler,2
Deck of cards,2
Keychain,2
Ping pong ball,2
Sheet of paper,2
Paperclip,2
Staple,2
LED light,2
Toothpick,2
Plastic spoon,2
Ruler,2
Deck of cards,2
Keychain,2
Ping pong ball,2
Sheet of paper,2
Paperclip,2
Staple,2
LED light,2
Toothpick,2
Plastic spoon,2
Ruler,2
Deck of cards,2
Keychain,2
Ping pong ball,2
Sheet of paper,2
Paperclip,2
Staple,2
LED light,2
Toothpick,2
Plastic spoon,2
Ruler,2
Deck of cards,2
Keychain,2
Ping pong ball,2
Sheet of paper,2
Paperclip,2
Staple,2
LED light,2
Toothpick,2
Plastic spoon,2
Ruler,2
Deck of cards,2
Keychain,2
Ping pong ball,2
Sheet of paper,2
Paperclip,2
Staple,2
LED light,2
Toothpick,2
Plastic spoon,2
Ruler,2
Deck of cards,2
Keychain,2
Ping pong ball,2
Sheet of paper,2
Paperclip,2
Staple,2
LED light,2
Toothpick,2
Plastic spoon,2
Ruler,2
Deck of cards,2
Keychain,2
Ping pong ball,2
Sheet of paper,2
Paperclip,2
Staple,2
LED light,2
Toothpick,2
Plastic spoon,2
Ruler,2
Deck of cards,2
Keychain,2
Ping pong ball,2
Sheet of paper,2
Paperclip,2
Staple,2
LED light,2
Toothpick,2
Plastic spoon,2
Ruler,2
Deck of cards,2
Keychain,2
Ping pong ball,2
Sheet of paper,2
Paperclip,2
Staple,2
LED light,2
Toothpick,2
Plastic spoon,2
Ruler,2
Deck of cards,2
Keychain,2
Ping pong ball,2
Sheet of paper,2
Paperclip,2
Staple,2
LED light,2
Toothpick,2
Plastic spoon,2
Ruler,2
Deck of cards,2
Keychain,2
Ping pong ball,2
Sheet of paper,2
Paperclip,2
Staple,2
LED light,2
Toothpick,2
Plastic spoon,2
Ruler,2
Deck of cards,2
Keychain,2
Ping pong ball,2
Sheet of paper,2
Paperclip,2
Staple,2
LED light,2
Toothpick,2
Plastic spoon,2
Ruler,2
Deck of cards,2
Keychain,2
Ping pong ball,2
Sheet of paper,2
Paperclip,2
Staple,2
LED light,2
Toothpick,2
Plastic spoon,2
Ruler,2
Deck of cards,2
Keychain,2
Ping pong ball,2
Sheet of paper,2
Paperclip,2
Staple,2
LED light,2
Toothpick,2
Plastic spoon,2
Ruler,2
Deck of cards,2
Keychain,2
Ping pong ball,2
Sheet of paper,2
Paperclip,2
Staple,2
LED light,2
Toothpick,2
Plastic spoon,2
Ruler,2
Deck of cards,2
Keychain,2
Ping pong ball,2
Sheet of paper,2
Paperclip,2
Staple,2
LED light,2
Toothpick,2
Plastic spoon,2
Ruler,2
Deck of cards,2
Keychain,2
Ping pong ball,2
Sheet of paper,2
Paperclip,2
Staple,2
LED light,2
Toothpick,2
Plastic spoon,2
Ruler,2
Deck of cards,2
Keychain,2
Ping pong ball,2
Sheet of paper,2
Paperclip,2
Staple,2
LED light,2
Toothpick,2
Plastic spoon,2
Ruler,2
Deck of cards,2
Keychain,2
Ping pong ball,2
Sheet of paper,2
Paperclip,2
Staple,2
LED light,2
Toothpick,2
Plastic spoon,2
Ruler,2
Deck of cards,2
Keychain,2
Ping pong ball,2
Sheet of paper,2
Paperclip,2
Staple,2
LED light,2
Toothpick,2
Plastic spoon,2
Ruler,2
Deck of cards,2
Keychain,2
Ping pong ball,2
Sheet of paper,2
Paperclip,2
Staple,2
LED light,2
Toothpick,2
Plastic spoon,2
Ruler,2
Deck of cards,2
Keychain,2
Ping pong ball,2
Sheet of paper,2
Paperclip,2
Staple,2
LED light,2
Toothpick,2
Plastic spoon,2
Ruler,2
Deck of cards,2
Keychain,2
Ping pong ball,2
Sheet of paper,2
Paperclip,2
Staple,2
LED light,2
Toothpick,2
Plastic spoon,2
Ruler,2
Deck of cards,2
Keychain,2
Ping pong ball,2
Sheet of paper,2
Paperclip,2
Staple,2
LED light,2
Toothpick,2
Plastic spoon,2
Ruler,2
Deck of cards,2
Keychain,2
Ping pong ball,2
Sheet of paper,2
Paperclip,2
Staple,2
LED light,2
Toothpick,2
Plastic spoon,2
Ruler,2
Deck of cards,2
Keychain,2
Ping pong ball,2
Sheet of paper,2
Paperclip,2
Staple,2
LED light,2
Toothpick,2
Plastic spoon,2
Ruler,2
Deck of cards,2
Keychain,2
Ping pong ball,2
Sheet of paper,2
Paperclip,2
Staple,2
LED light,2
Toothpick,2
Plastic spoon,2
Ruler,2
Deck of cards,2
Keychain,2
Ping pong ball,2
Sheet of paper,2
Paperclip,2
Staple,2
LED light,2
Toothpick,2
Plastic spoon,2
Ruler,2
Deck of cards,2
Keychain,2
Ping pong ball,2
Sheet of paper,2
Paperclip,2
Staple,2
LED light,2
Toothpick,2
Plastic spoon,2
Ruler,2
Deck of cards,2
Keychain,2
Ping pong ball,2
Sheet of paper,2
Paperclip,2
Staple,2
LED light,2
Toothpick,2
Plastic spoon,2
Ruler,2
Deck of cards,2
Keychain,2
Ping pong ball,2
Sheet of paper,2
Paperclip,2
Staple,2
LED light,2
Toothpick,2
Plastic spoon,2
Ruler,2
Deck of cards,2
Keychain,2
Ping pong ball,2
Sheet of paper,2
Paperclip,2
Staple,2
LED light,2
Toothpick,2
Plastic spoon,2
Ruler,2
Deck of cards,2
Keychain,2
Ping pong ball,2
Sheet of paper,2
Paperclip,2
Staple,2
LED light,2
Toothpick,2
Plastic spoon,2
Ruler,2
Deck of cards,2
Keychain,2
Ping pong ball,2
Sheet of paper,2
Paperclip,2
Staple,2
LED light,2
Toothpick,2
Plastic spoon,2
Ruler,2
Deck of cards,2
Keychain,2
Ping pong ball,2
Sheet of paper,2
Paperclip,2
Staple,2
LED light,2
Toothpick,2
Plastic spoon,2
Ruler,2
Deck of cards,2
Keychain,2
Ping pong ball,2
Sheet of paper,2
Paperclip,2
Staple,2
LED light,2
Toothpick,2
Plastic spoon,2
Ruler,2
Deck of cards,2
Keychain,2
Ping pong ball,2
Sheet of paper,2
Paperclip,2
Staple,2
LED light,2
Toothpick,2
Plastic spoon,2
Ruler,2
Deck of cards,2
Keychain,2
Ping pong ball,2
Sheet of paper,2
Paperclip,2
Staple,2
LED light,2
Toothpick,2
Plastic spoon,2
Ruler,2
Deck of cards,2
Keychain,2
Ping pong ball,2
Sheet of paper,2
Paperclip,2
Staple,2
LED light,2
Toothpick,2
Plastic spoon,2
Ruler,2
Deck of cards,2
Keychain,2
Ping pong ball,2
Sheet of paper,2
Paperclip,2
Staple,2
LED light,2
Toothpick,2
Plastic spoon,2
Ruler,2
Deck of cards,2
Keychain,2
Ping pong ball,2
Sheet of paper,2
Paperclip,2
Staple,2
LED light,2
Toothpick,2
Plastic spoon,2
Ruler,2
Deck of cards,2
Keychain,2
Ping pong ball,2
Sheet of paper,2
Paperclip,2
Staple,2
LED light,2
Toothpick,2
Plastic spoon,2
Ruler,2
Deck of cards,2
Keychain,2
Ping pong ball,2
Sheet of paper,2
Paperclip,2
Staple,2
LED light,2
Toothpick,2
Plastic spoon,2
Ruler,2
Deck of cards,2
Keychain,2
Ping pong ball,2
Sheet of paper,2
Paperclip,2
Staple,2
LED light,2
Toothpick,2
Plastic spoon,2
Ruler,2
Deck of cards,2
Keychain,2
Ping pong ball,2
Sheet of paper,2
Paperclip,2
Staple,2
LED light,2
Toothpick,2
Plastic spoon,2
Ruler,2
Deck of cards,2
Keychain,2
Ping pong ball,2
Sheet of paper,2
Paperclip,2
Staple,2
LED light,2
Toothpick,2
Plastic spoon,2
Ruler,2
Deck of cards,2
Keychain,2
Ping pong ball,2
Sheet of paper,2
Paperclip,2
Staple,2
LED light,2
Toothpick,2
Plastic spoon,2
Ruler,2
Deck of cards,2
Keychain,2
Ping pong ball,2
Sheet of paper,2
Paperclip,2
Staple,2
LED light,2
Toothpick,2
Plastic spoon,2
Ruler,2
Deck of cards,2
Keychain,2
Ping pong ball,2
Sheet of paper,2
Paperclip,2
Staple,2
LED light,2
Toothpick,2
Plastic spoon,2
Ruler,2
Deck of cards,2
Keychain,2
Ping pong ball,2
Sheet of paper,2
Paperclip,2
Staple,2
LED light,2
Toothpick,2
Plastic spoon,2
Ruler,2
Deck of cards,2
Keychain,2
Ping pong ball,2
Sheet of paper,2
Paperclip,2
Staple,2
LED light,2
Toothpick,2
Plastic spoon,2
Ruler,2
Deck of cards,2
Keychain,2
Ping pong ball,2
Sheet of paper,2
Paperclip,2
Staple,2
LED light,2
Toothpick,2
Plastic spoon,2
Ruler,2
Deck of cards,2
Keychain,2
Ping pong ball,2
Sheet of paper,2
Paperclip,2
Staple,2
LED light,2
Toothpick,2
Plastic spoon,2
Ruler,2
Deck of cards,2
Keychain,2
Ping pong ball,2
Sheet of paper,2
Paperclip,2
Staple,2
LED light,2
Toothpick,2
Plastic spoon,2
Ruler,2
Deck of cards,2
Keychain,2
Ping pong ball,2
Sheet of paper,2
Paperclip,2
Staple,2
LED light,2
Toothpick,2
Plastic spoon,2
Ruler,2
Deck of cards,2
Keychain,2
Ping pong ball,2
Sheet of paper,2
Paperclip,2
Staple,2
LED light,2
Toothpick,2
Plastic spoon,2
Ruler,2
Deck of cards,2
Keychain,2
Ping pong ball,2
Sheet of paper,2
Paperclip,2
Staple,2
LED light,2
Toothpick,2
Plastic spoon,2
Ruler,2
Deck of cards,2
Keychain,2
Ping pong ball,2
Sheet of paper,2
Paperclip,2
Staple,2
LED light,2
Toothpick,2
Plastic spoon,2
Ruler,2
Deck of cards,2
Keychain,2
Ping pong ball,2
Sheet of paper,2
Paperclip,2
Staple,2
LED light,2
Toothpick,2
Plastic spoon,2
Ruler,2
Deck of cards,2
Keychain,2
Ping pong ball,2
Sheet of paper,2
Paperclip,2
Staple,2
LED light,2
Toothpick,2
Plastic spoon,2
Ruler,2
Deck of cards,2
Keychain,2
Ping pong ball,2
Sheet of paper,2
Paperclip,2
Staple,2
LED light,2
Toothpick,2
Plastic spoon,2
Ruler,2
Deck of cards,2
Keychain,2
Ping pong ball,2
Sheet of paper,2
Paperclip,2
Staple,2
LED light,2
Toothpick,2
Plastic spoon,2
Ruler,2
Deck of cards,2
Keychain,2
Ping pong ball,2
Sheet of paper,2
Paperclip,2
Staple,2
LED light,2
Toothpick,2
Plastic spoon,2
Ruler,2
Deck of cards,2
Keychain,2
Ping pong ball,2
Sheet of paper,2
Paperclip,2
Staple,2
LED light,2
Toothpick,2
Plastic spoon,2
Ruler,2
Deck of cards,2
Keychain,2
Ping pong ball,2
Sheet of paper,2
Paperclip,2
Staple,2
LED light,2
Toothpick,2
Plastic spoon,2
Ruler,2
Deck of cards,2
Keychain,2
Ping pong ball,2
Sheet of paper,2
Paperclip,2
Staple,2
LED light,2
Toothpick,2
Plastic spoon,2
Ruler,2
Deck of cards,2
Keychain,2
Ping pong ball,2
Sheet of paper,2
Paperclip,2
Staple,2
LED light,2
Toothpick,2
Plastic spoon,2
Ruler,2
Deck of cards,2
Keychain,2
Ping pong ball,2
Sheet of paper,2
Paperclip,2
Staple,2
LED light,2
Toothpick,2
Plastic spoon,2
Ruler,2
Deck of cards,2
Keychain,2
Ping pong ball,2
Sheet of paper,2
Paperclip,2
Staple,2
LED light,2
Toothpick,2
Plastic spoon,2
Ruler,2
Deck of cards,2
Keychain,2
Ping pong ball,2
Sheet of paper,2
Paperclip,2
Staple,2
LED light,2
Toothpick,2
Plastic spoon,2
Ruler,2
Deck of cards,2
Keychain,2
Ping pong ball,2
Sheet of paper,2
Paperclip,2
Staple,2
LED light,2
Toothpick,2
Plastic spoon,2
Ruler,2
Deck of cards,2
Keychain,2
Ping pong ball,2
Sheet of paper,2
Paperclip,2
Staple,2
LED light,2
Toothpick,2
Plastic spoon,2
Ruler,2
Deck of cards,2
Keychain,2
Ping pong ball,2
Sheet of paper,2
Paperclip,2
Staple,2
LED light,2
Toothpick,2
Plastic spoon,2
Ruler,2
Deck of cards,2
Keychain,2
Ping pong ball,2
Sheet of paper,2
Paperclip,2
Staple,2
LED light,2
Toothpick,2
Plastic spoon,2
Ruler,2
Deck of cards,2
Keychain,2
Ping pong ball,2
Sheet of paper,2
Paperclip,2
Staple,2
LED light,2
Toothpick,2
Plastic spoon,2
Ruler,2
Deck of cards,2
Keychain,2
Ping pong ball,2
Sheet of paper,2
Paperclip,2
Staple,2
LED light,2
Toothpick,2
Plastic spoon,2
Ruler,2
Deck of cards,2
Keychain,2
Ping pong ball,2
Sheet of paper,2
Paperclip,2
Staple,2
LED light,2
Toothpick,2
Plastic spoon,2
Ruler,2
Deck of cards,2
Keychain,2
Ping pong ball,2
Sheet of paper,2
Paperclip,2
Staple,2
LED light,2
Toothpick,2
Plastic spoon,2
Ruler,2
Deck of cards,2
Keychain,2
Ping pong ball,2
Sheet of paper,2
Paperclip,2
Staple,2
LED light,2
Toothpick,2
Plastic spoon,2
Ruler,2
Deck of cards,2
Keychain,2
Ping pong ball,2
Sheet of paper,2
Paperclip,2
Staple,2
LED light,2
Toothpick,2
Plastic spoon,2
Ruler,2
Deck of cards,2
Keychain,2
Ping pong ball,2
Sheet of paper,2
Paperclip,2
Staple,2
LED light,2
Toothpick,2
Plastic spoon,2
Ruler,2
Deck of cards,2
Keychain,2
Ping pong ball,2
Sheet of paper,2
Paperclip,2
Staple,2
LED light,2
Toothpick,2
Plastic spoon,2
Ruler,2
Deck of cards,2
Keychain,2
Ping pong ball,2
Sheet of paper,2
Paperclip,2
Staple,2
LED light,2
Toothpick,2
Plastic spoon,2
Ruler,2
Deck of cards,2
Keychain,2
Ping pong ball,2
Sheet of paper,2
Paperclip,2
Staple,2
LED light,2
Toothpick,2
Plastic spoon,2
Ruler,2
Deck of cards,2
Keychain,2
Ping pong ball,2
Sheet of paper,2
Paperclip,2
Staple,2
LED light,2
Toothpick,2
Plastic spoon,2
Ruler,2
Deck of cards,2
Keychain,2
Ping pong ball,2
Sheet of paper,2
Paperclip,2
Staple,2
LED light,2
Toothpick,2
Plastic spoon,2
Ruler,2
Deck of cards,2
Keychain,2
Ping pong ball,2
Sheet of paper,2
Paperclip,2
Staple,2
LED light,2
Toothpick,2
Plastic spoon,2
Ruler,2
Deck of cards,2
Keychain,2
Ping pong ball,2
Toaster,3
Laptop,3
Blender,3
Bowling ball,3
Backpack,3
Microwave,3
Guitar,3
Speaker,3
Iron box,3
Large book,3
Toaster,3
Laptop,3
Blender,3
Bowling ball,3
Backpack,3
Microwave,3
Guitar,3
Speaker,3
Iron box,3
Large book,3
Toaster,3
Laptop,3
Blender,3
Bowling ball,3
Backpack,3
Microwave,3
Guitar,3
Speaker,3
Iron box,3
Large book,3
Toaster,3
Laptop,3
Blender,3
Bowling ball,3
Backpack,3
Microwave,3
Guitar,3
Speaker,3
Iron box,3
Large book,3
Toaster,3
Laptop,3
Blender,3
Bowling ball,3
Backpack,3
Microwave,3
Guitar,3
Speaker,3
Iron box,3
Large book,3
Toaster,3
Laptop,3
Blender,3
Bowling ball,3
Backpack,3
Microwave,3
Guitar,3
Speaker,3
Iron box,3
Large book,3
Toaster,3
Laptop,3
Blender,3
Bowling ball,3
Backpack,3
Microwave,3
Guitar,3
Speaker,3
Iron box,3
Large book,3
Toaster,3
Laptop,3
Blender,3
Bowling ball,3
Backpack,3
Microwave,3
Guitar,3
Speaker,3
Iron box,3
Large book,3
Toaster,3
Laptop,3
Blender,3
Bowling ball,3
Backpack,3
Microwave,3
Guitar,3
Speaker,3
Iron box,3
Large book,3
Toaster,3
Laptop,3
Blender,3
Bowling ball,3
Backpack,3
Microwave,3
Guitar,3
Speaker,3
Iron box,3
Large book,3
Toaster,3
Laptop,3
Blender,3
Bowling ball,3
Backpack,3
Microwave,3
Guitar,3
Speaker,3
Iron box,3
Large book,3
Toaster,3
Laptop,3
Blender,3
Bowling ball,3
Backpack,3
Microwave,3
Guitar,3
Speaker,3
Iron box,3
Large book,3
Toaster,3
Laptop,3
Blender,3
Bowling ball,3
Backpack,3
Microwave,3
Guitar,3
Speaker,3
Iron box,3
Large book,3
Toaster,3
Laptop,3
Blender,3
Bowling ball,3
Backpack,3
Microwave,3
Guitar,3
Speaker,3
Iron box,3
Large book,3
Toaster,3
Laptop,3
Blender,3
Bowling ball,3
Backpack,3
Microwave,3
Guitar,3
Speaker,3
Iron box,3
Large book,3
Toaster,3
Laptop,3
Blender,3
Bowling ball,3
Backpack,3
Microwave,3
Guitar,3
Speaker,3
Iron box,3
Large book,3
Toaster,3
Laptop,3
Blender,3
Bowling ball,3
Backpack,3
Microwave,3
Guitar,3
Speaker,3
Iron box,3
Large book,3
Toaster,3
Laptop,3
Blender,3
Bowling ball,3
Backpack,3
Microwave,3
Guitar,3
Speaker,3
Iron box,3
Large book,3
Toaster,3
Laptop,3
Blender,3
Bowling ball,3
Backpack,3
Microwave,3
Guitar,3
Speaker,3
Iron box,3
Large book,3
Toaster,3
Laptop,3
Blender,3
Bowling ball,3
Backpack,3
Microwave,3
Guitar,3
Speaker,3
Iron box,3
Large book,3
Toaster,3
Laptop,3
Blender,3
Bowling ball,3
Backpack,3
Microwave,3
Guitar,3
Speaker,3
Iron box,3
Large book,3
Toaster,3
Laptop,3
Blender,3
Bowling ball,3
Backpack,3
Microwave,3
Guitar,3
Speaker,3
Iron box,3
Large book,3
Toaster,3
Laptop,3
Blender,3
Bowling ball,3
Backpack,3
Microwave,3
Guitar,3
Speaker,3
Iron box,3
Large book,3
Toaster,3
Laptop,3
Blender,3
Bowling ball,3
Backpack,3
Microwave,3
Guitar,3
Speaker,3
Iron box,3
Large book,3
Toaster,3
Laptop,3
Blender,3
Bowling ball,3
Backpack,3
Microwave,3
Guitar,3
Speaker,3
Iron box,3
Large book,3
Toaster,3
Laptop,3
Blender,3
Bowling ball,3
Backpack,3
Microwave,3
Guitar,3
Speaker,3
Iron box,3
Large book,3
Toaster,3
Laptop,3
Blender,3
Bowling ball,3
Backpack,3
Microwave,3
Guitar,3
Speaker,3
Iron box,3
Large book,3
Toaster,3
Laptop,3
Blender,3
Bowling ball,3
Backpack,3
Microwave,3
Guitar,3
Speaker,3
Iron box,3
Large book,3
Toaster,3
Laptop,3
Blender,3
Bowling ball,3
Backpack,3
Microwave,3
Guitar,3
Speaker,3
Iron box,3
Large book,3
Toaster,3
Laptop,3
Blender,3
Bowling ball,3
Backpack,3
Microwave,3
Guitar,3
Speaker,3
Iron box,3
Large book,3
Toaster,3
Laptop,3
Blender,3
Bowling ball,3
Backpack,3
Microwave,3
Guitar,3
Speaker,3
Iron box,3
Large book,3
Toaster,3
Laptop,3
Blender,3
Bowling ball,3
Backpack,3
Microwave,3
Guitar,3
Speaker,3
Iron box,3
Large book,3
Toaster,3
Laptop,3
Blender,3
Bowling ball,3
Backpack,3
Microwave,3
Guitar,3
Speaker,3
Iron box,3
Large book,3
Toaster,3
Laptop,3
Blender,3
Bowling ball,3
Backpack,3
Microwave,3
Guitar,3
Speaker,3
Iron box,3
Large book,3
Toaster,3
Laptop,3
Blender,3
Bowling ball,3
Backpack,3
Microwave,3
Guitar,3
Speaker,3
Iron box,3
Large book,3
Toaster,3
Laptop,3
Blender,3
Bowling ball,3
Backpack,3
Microwave,3
Guitar,3
Speaker,3
Iron box,3
Large book,3
Toaster,3
Laptop,3
Blender,3
Bowling ball,3
Backpack,3
Microwave,3
Guitar,3
Speaker,3
Iron box,3
Large book,3
Toaster,3
Laptop,3
Blender,3
Bowling ball,3
Backpack,3
Microwave,3
Guitar,3
Speaker,3
Iron box,3
Large book,3
Toaster,3
Laptop,3
Blender,3
Bowling ball,3
Backpack,3
Microwave,3
Guitar,3
Speaker,3
Iron box,3
Large book,3
Toaster,3
Laptop,3
Blender,3
Bowling ball,3
Backpack,3
Microwave,3
Guitar,3
Speaker,3
Iron box,3
Large book,3
Toaster,3
Laptop,3
Blender,3
Bowling ball,3
Backpack,3
Microwave,3
Guitar,3
Speaker,3
Iron box,3
Large book,3
Toaster,3
Laptop,3
Blender,3
Bowling ball,3
Backpack,3
Microwave,3
Guitar,3
Speaker,3
Iron box,3
Large book,3
Toaster,3
Laptop,3
Blender,3
Bowling ball,3
Backpack,3
Microwave,3
Guitar,3
Speaker,3
Iron box,3
Large book,3
Toaster,3
Laptop,3
Blender,3
Bowling ball,3
Backpack,3
Microwave,3
Guitar,3
Speaker,3
Iron box,3
Large book,3
Toaster,3
Laptop,3
Blender,3
Bowling ball,3
Backpack,3
Microwave,3
Guitar,3
Speaker,3
Iron box,3
Large book,3
Toaster,3
Laptop,3
Blender,3
Bowling ball,3
Backpack,3
Microwave,3
Guitar,3
Speaker,3
Iron box,3
Large book,3
Toaster,3
Laptop,3
Blender,3
Bowling ball,3
Backpack,3
Microwave,3
Guitar,3
Speaker,3
Iron box,3
Large book,3
Toaster,3
Laptop,3
Blender,3
Bowling ball,3
Backpack,3
Microwave,3
Guitar,3
Speaker,3
Iron box,3
Large book,3
Toaster,3
Laptop,3
Blender,3
Bowling ball,3
Backpack,3
Microwave,3
Guitar,3
Speaker,3
Iron box,3
Large book,3
Toaster,3
Laptop,3
Blender,3
Bowling ball,3
Backpack,3
Microwave,3
Guitar,3
Speaker,3
Iron box,3
Large book,3
Toaster,3
Laptop,3
Blender,3
Bowling ball,3
Backpack,3
Microwave,3
Guitar,3
Speaker,3
Iron box,3
Large book,3
Toaster,3
Laptop,3
Blender,3
Bowling ball,3
Backpack,3
Microwave,3
Guitar,3
Speaker,3
Iron box,3
Large book,3
Toaster,3
Laptop,3
Blender,3
Bowling ball,3
Backpack,3
Microwave,3
Guitar,3
Speaker,3
Iron box,3
Large book,3
Toaster,3
Laptop,3
Blender,3
Bowling ball,3
Backpack,3
Microwave,3
Guitar,3
Speaker,3
Iron box,3
Large book,3
Toaster,3
Laptop,3
Blender,3
Bowling ball,3
Backpack,3
Microwave,3
Guitar,3
Speaker,3
Iron box,3
Large book,3
Toaster,3
Laptop,3
Blender,3
Bowling ball,3
Backpack,3
Microwave,3
Guitar,3
Speaker,3
Iron box,3
Large book,3
Toaster,3
Laptop,3
Blender,3
Bowling ball,3
Backpack,3
Microwave,3
Guitar,3
Speaker,3
Iron box,3
Large book,3
Toaster,3
Laptop,3
Blender,3
Bowling ball,3
Backpack,3
Microwave,3
Guitar,3
Speaker,3
Iron box,3
Large book,3
Toaster,3
Laptop,3
Blender,3
Bowling ball,3
Backpack,3
Microwave,3
Guitar,3
Speaker,3
Iron box,3
Large book,3
Toaster,3
Laptop,3
Blender,3
Bowling ball,3
Backpack,3
Microwave,3
Guitar,3
Speaker,3
Iron box,3
Large book,3
Toaster,3
Laptop,3
Blender,3
Bowling ball,3
Backpack,3
Microwave,3
Guitar,3
Speaker,3
Iron box,3
Large book,3
Toaster,3
Laptop,3
Blender,3
Bowling ball,3
Backpack,3
Microwave,3
Guitar,3
Speaker,3
Iron box,3
Large book,3
Toaster,3
Laptop,3
Blender,3
Bowling ball,3
Backpack,3
Microwave,3
Guitar,3
Speaker,3
Iron box,3
Large book,3
Toaster,3
Laptop,3
Blender,3
Bowling ball,3
Backpack,3
Microwave,3
Guitar,3
Speaker,3
Iron box,3
Large book,3
Toaster,3
Laptop,3
Blender,3
Bowling ball,3
Backpack,3
Microwave,3
Guitar,3
Speaker,3
Iron box,3
Large book,3
Toaster,3
Laptop,3
Blender,3
Bowling ball,3
Backpack,3
Microwave,3
Guitar,3
Speaker,3
Iron box,3
Large book,3
Toaster,3
Laptop,3
Blender,3
Bowling ball,3
Backpack,3
Microwave,3
Guitar,3
Speaker,3
Iron box,3
Large book,3
Toaster,3
Laptop,3
Blender,3
Bowling ball,3
Backpack,3
Microwave,3
Guitar,3
Speaker,3
Iron box,3
Large book,3
Toaster,3
Laptop,3
Blender,3
Bowling ball,3
Backpack,3
Microwave,3
Guitar,3
Speaker,3
Iron box,3
Large book,3
Toaster,3
Laptop,3
Blender,3
Bowling ball,3
Backpack,3
Microwave,3
Guitar,3
Speaker,3
Iron box,3
Large book,3
Toaster,3
Laptop,3
Blender,3
Bowling ball,3
Backpack,3
Microwave,3
Guitar,3
Speaker,3
Iron box,3
Large book,3
Toaster,3
Laptop,3
Blender,3
Bowling ball,3
Backpack,3
Microwave,3
Guitar,3
Speaker,3
Iron box,3
Large book,3
Toaster,3
Laptop,3
Blender,3
Bowling ball,3
Backpack,3
Microwave,3
Guitar,3
Speaker,3
Iron box,3
Large book,3
Toaster,3
Laptop,3
Blender,3
Bowling ball,3
Backpack,3
Microwave,3
Guitar,3
Speaker,3
Iron box,3
Large book,3
Toaster,3
Laptop,3
Blender,3
Bowling ball,3
Backpack,3
Microwave,3
Guitar,3
Speaker,3
Iron box,3
Large book,3
Toaster,3
Laptop,3
Blender,3
Bowling ball,3
Backpack,3
Microwave,3
Guitar,3
Speaker,3
Iron box,3
Large book,3
Toaster,3
Laptop,3
Blender,3
Bowling ball,3
Backpack,3
Microwave,3
Guitar,3
Speaker,3
Iron box,3
Large book,3
Toaster,3
Laptop,3
Blender,3
Bowling ball,3
Backpack,3
Microwave,3
Guitar,3
Speaker,3
Iron box,3
Large book,3
Toaster,3
Laptop,3
Blender,3
Bowling ball,3
Backpack,3
Microwave,3
Guitar,3
Speaker,3
Iron box,3
Large book,3
Toaster,3
Laptop,3
Blender,3
Bowling ball,3
Backpack,3
Microwave,3
Guitar,3
Speaker,3
Iron box,3
Large book,3
Toaster,3
Laptop,3
Blender,3
Bowling ball,3
Backpack,3
Microwave,3
Guitar,3
Speaker,3
Iron box,3
Large book,3
Toaster,3
Laptop,3
Blender,3
Bowling ball,3
Backpack,3
Microwave,3
Guitar,3
Speaker,3
Iron box,3
Large book,3
Toaster,3
Laptop,3
Blender,3
Bowling ball,3
Backpack,3
Microwave,3
Guitar,3
Speaker,3
Iron box,3
Large book,3
Toaster,3
Laptop,3
Blender,3
Bowling ball,3
Backpack,3
Microwave,3
Guitar,3
Speaker,3
Iron box,3
Large book,3
Toaster,3
Laptop,3
Blender,3
Bowling ball,3
Backpack,3
Microwave,3
Guitar,3
Speaker,3
Iron box,3
Large book,3
Toaster,3
Laptop,3
Blender,3
Bowling ball,3
Backpack,3
Microwave,3
Guitar,3
Speaker,3
Iron box,3
Large book,3
Toaster,3
Laptop,3
Blender,3
Bowling ball,3
Backpack,3
Microwave,3
Guitar,3
Speaker,3
Iron box,3
Large book,3
Toaster,3
Laptop,3
Blender,3
Bowling ball,3
Backpack,3
Microwave,3
Guitar,3
Speaker,3
Iron box,3
Large book,3
Toaster,3
Laptop,3
Blender,3
Bowling ball,3
Backpack,3
Microwave,3
Guitar,3
Speaker,3
Iron box,3
Large book,3
Toaster,3
Laptop,3
Blender,3
Bowling ball,3
Backpack,3
Microwave,3
Guitar,3
Speaker,3
Iron box,3
Large book,3
Toaster,3
Laptop,3
Blender,3
Bowling ball,3
Backpack,3
Microwave,3
Guitar,3
Speaker,3
Iron box,3
Large book,3
Toaster,3
Laptop,3
Blender,3
Bowling ball,3
Backpack,3
Microwave,3
Guitar,3
Speaker,3
Iron box,3
Large book,3
Toaster,3
Laptop,3
Blender,3
Bowling ball,3
Backpack,3
Microwave,3
Guitar,3
Speaker,3
Iron box,3
Large book,3
Toaster,3
Laptop,3
Blender,3
Bowling ball,3
Backpack,3
Microwave,3
Guitar,3
Speaker,3
Iron box,3
Large book,3
Toaster,3
Laptop,3
Blender,3
Bowling ball,3
Backpack,3
Microwave,3
Guitar,3
Speaker,3
Iron box,3
Large book,3
Toaster,3
Laptop,3
Blender,3
Bowling ball,3
Backpack,3
Microwave,3
Guitar,3
Speaker,3
Iron box,3
Large book,3
Toaster,3
Laptop,3
Blender,3
Bowling ball,3
Backpack,3
Microwave,3
Guitar,3
Speaker,3
Iron box,3
Large book,3
Toaster,3
Laptop,3
Blender,3
Bowling ball,3
Backpack,3
Microwave,3
Guitar,3
Speaker,3
Iron box,3
Large book,3
Toaster,3
Laptop,3
Blender,3
Bowling ball,3
Backpack,3
Microwave,3
Guitar,3
Speaker,3
Iron box,3
Large book,3
Toaster,3
Laptop,3
Blender,3
Bowling ball,3
Backpack,3
Microwave,3
Guitar,3
Speaker,3
Iron box,3
Large book,3
Motorcycle,4
Refrigerator,4
Piano,4
Small canoe,4
Pool table,4
Sofa,4
Dining table,4
Washing machine,4
Bathtub,4
Large dresser,4
Motorcycle,4
Refrigerator,4
Piano,4
Small canoe,4
Pool table,4
Sofa,4
Dining table,4
Washing machine,4
Bathtub,4
Large dresser,4
Motorcycle,4
Refrigerator,4
Piano,4
Small canoe,4
Pool table,4
Sofa,4
Dining table,4
Washing machine,4
Bathtub,4
Large dresser,4
Motorcycle,4
Refrigerator,4
Piano,4
Small canoe,4
Pool table,4
Sofa,4
Dining table,4
Washing machine,4
Bathtub,4
Large dresser,4
Motorcycle,4
Refrigerator,4
Piano,4
Small canoe,4
Pool table,4
Sofa,4
Dining table,4
Washing machine,4
Bathtub,4
Large dresser,4
Motorcycle,4
Refrigerator,4
Piano,4
Small canoe,4
Pool table,4
Sofa,4
Dining table,4
Washing machine,4
Bathtub,4
Large dresser,4
Motorcycle,4
Refrigerator,4
Piano,4
Small canoe,4
Pool table,4
Sofa,4
Dining table,4
Washing machine,4
Bathtub,4
Large dresser,4
Motorcycle,4
Refrigerator,4
Piano,4
Small canoe,4
Pool table,4
Sofa,4
Dining table,4
Washing machine,4
Bathtub,4
Large dresser,4
Motorcycle,4
Refrigerator,4
Piano,4
Small canoe,4
Pool table,4
Sofa,4
Dining table,4
Washing machine,4
Bathtub,4
Large dresser,4
Motorcycle,4
Refrigerator,4
Piano,4
Small canoe,4
Pool table,4
Sofa,4
Dining table,4
Washing machine,4
Bathtub,4
Large dresser,4
Motorcycle,4
Refrigerator,4
Piano,4
Small canoe,4
Pool table,4
Sofa,4
Dining table,4
Washing machine,4
Bathtub,4
Large dresser,4
Motorcycle,4
Refrigerator,4
Piano,4
Small canoe,4
Pool table,4
Sofa,4
Dining table,4
Washing machine,4
Bathtub,4
Large dresser,4
Motorcycle,4
Refrigerator,4
Piano,4
Small canoe,4
Pool table,4
Sofa,4
Dining table,4
Washing machine,4
Bathtub,4
Large dresser,4
Motorcycle,4
Refrigerator,4
Piano,4
Small canoe,4
Pool table,4
Sofa,4
Dining table,4
Washing machine,4
Bathtub,4
Large dresser,4
Motorcycle,4
Refrigerator,4
Piano,4
Small canoe,4
Pool table,4
Sofa,4
Dining table,4
Washing machine,4
Bathtub,4
Large dresser,4
Motorcycle,4
Refrigerator,4
Piano,4
Small canoe,4
Pool table,4
Sofa,4
Dining table,4
Washing machine,4
Bathtub,4
Large dresser,4
Motorcycle,4
Refrigerator,4
Piano,4
Small canoe,4
Pool table,4
Sofa,4
Dining table,4
Washing machine,4
Bathtub,4
Large dresser,4
Motorcycle,4
Refrigerator,4
Piano,4
Small canoe,4
Pool table,4
Sofa,4
Dining table,4
Washing machine,4
Bathtub,4
Large dresser,4
Motorcycle,4
Refrigerator,4
Piano,4
Small canoe,4
Pool table,4
Sofa,4
Dining table,4
Washing machine,4
Bathtub,4
Large dresser,4
Motorcycle,4
Refrigerator,4
Piano,4
Small canoe,4
Pool table,4
Sofa,4
Dining table,4
Washing machine,4
Bathtub,4
Large dresser,4
Motorcycle,4
Refrigerator,4
Piano,4
Small canoe,4
Pool table,4
Sofa,4
Dining table,4
Washing machine,4
Bathtub,4
Large dresser,4
Motorcycle,4
Refrigerator,4
Piano,4
Small canoe,4
Pool table,4
Sofa,4
Dining table,4
Washing machine,4
Bathtub,4
Large dresser,4
Motorcycle,4
Refrigerator,4
Piano,4
Small canoe,4
Pool table,4
Sofa,4
Dining table,4
Washing machine,4
Bathtub,4
Large dresser,4
Motorcycle,4
Refrigerator,4
Piano,4
Small canoe,4
Pool table,4
Sofa,4
Dining table,4
Washing machine,4
Bathtub,4
Large dresser,4
Motorcycle,4
Refrigerator,4
Piano,4
Small canoe,4
Pool table,4
Sofa,4
Dining table,4
Washing machine,4
Bathtub,4
Large dresser,4
Motorcycle,4
Refrigerator,4
Piano,4
Small canoe,4
Pool table,4
Sofa,4
Dining table,4
Washing machine,4
Bathtub,4
Large dresser,4
Motorcycle,4
Refrigerator,4
Piano,4
Small canoe,4
Pool table,4
Sofa,4
Dining table,4
Washing machine,4
Bathtub,4
Large dresser,4
Motorcycle,4
Refrigerator,4
Piano,4
Small canoe,4
Pool table,4
Sofa,4
Dining table,4
Washing machine,4
Bathtub,4
Large dresser,4
Motorcycle,4
Refrigerator,4
Piano,4
Small canoe,4
Pool table,4
Sofa,4
Dining table,4
Washing machine,4
Bathtub,4
Large dresser,4
Motorcycle,4
Refrigerator,4
Piano,4
Small canoe,4
Pool table,4
Sofa,4
Dining table,4
Washing machine,4
Bathtub,4
Large dresser,4
Motorcycle,4
Refrigerator,4
Piano,4
Small canoe,4
Pool table,4
Sofa,4
Dining table,4
Washing machine,4
Bathtub,4
Large dresser,4
Motorcycle,4
Refrigerator,4
Piano,4
Small canoe,4
Pool table,4
Sofa,4
Dining table,4
Washing machine,4
Bathtub,4
Large dresser,4
Motorcycle,4
Refrigerator,4
Piano,4
Small canoe,4
Pool table,4
Sofa,4
Dining table,4
Washing machine,4
Bathtub,4
Large dresser,4
Motorcycle,4
Refrigerator,4
Piano,4
Small canoe,4
Pool table,4
Sofa,4
Dining table,4
Washing machine,4
Bathtub,4
Large dresser,4
Motorcycle,4
Refrigerator,4
Piano,4
Small canoe,4
Pool table,4
Sofa,4
Dining table,4
Washing machine,4
Bathtub,4
Large dresser,4
Motorcycle,4
Refrigerator,4
Piano,4
Small canoe,4
Pool table,4
Sofa,4
Dining table,4
Washing machine,4
Bathtub,4
Large dresser,4
Motorcycle,4
Refrigerator,4
Piano,4
Small canoe,4
Pool table,4
Sofa,4
Dining table,4
Washing machine,4
Bathtub,4
Large dresser,4
Motorcycle,4
Refrigerator,4
Piano,4
Small canoe,4
Pool table,4
Sofa,4
Dining table,4
Washing machine,4
Bathtub,4
Large dresser,4
Motorcycle,4
Refrigerator,4
Piano,4
Small canoe,4
Pool table,4
Sofa,4
Dining table,4
Washing machine,4
Bathtub,4
Large dresser,4
Motorcycle,4
Refrigerator,4
Piano,4
Small canoe,4
Pool table,4
Sofa,4
Dining table,4
Washing machine,4
Bathtub,4
Large dresser,4
Motorcycle,4
Refrigerator,4
Piano,4
Small canoe,4
Pool table,4
Sofa,4
Dining table,4
Washing machine,4
Bathtub,4
Large dresser,4
Motorcycle,4
Refrigerator,4
Piano,4
Small canoe,4
Pool table,4
Sofa,4
Dining table,4
Washing machine,4
Bathtub,4
Large dresser,4
Motorcycle,4
Refrigerator,4
Piano,4
Small canoe,4
Pool table,4
Sofa,4
Dining table,4
Washing machine,4
Bathtub,4
Large dresser,4
Motorcycle,4
Refrigerator,4
Piano,4
Small canoe,4
Pool table,4
Sofa,4
Dining table,4
Washing machine,4
Bathtub,4
Large dresser,4
Motorcycle,4
Refrigerator,4
Piano,4
Small canoe,4
Pool table,4
Sofa,4
Dining table,4
Washing machine,4
Bathtub,4
Large dresser,4
Motorcycle,4
Refrigerator,4
Piano,4
Small canoe,4
Pool table,4
Sofa,4
Dining table,4
Washing machine,4
Bathtub,4
Large dresser,4
Motorcycle,4
Refrigerator,4
Piano,4
Small canoe,4
Pool table,4
Sofa,4
Dining table,4
Washing machine,4
Bathtub,4
Large dresser,4
Motorcycle,4
Refrigerator,4
Piano,4
Small canoe,4
Pool table,4
Sofa,4
Dining table,4
Washing machine,4
Bathtub,4
Large dresser,4
Motorcycle,4
Refrigerator,4
Piano,4
Small canoe,4
Pool table,4
Sofa,4
Dining table,4
Washing machine,4
Bathtub,4
Large dresser,4
Motorcycle,4
Refrigerator,4
Piano,4
Small canoe,4
Pool table,4
Sofa,4
Dining table,4
Washing machine,4
Bathtub,4
Large dresser,4
Motorcycle,4
Refrigerator,4
Piano,4
Small canoe,4
Pool table,4
Sofa,4
Dining table,4
Washing machine,4
Bathtub,4
Large dresser,4
Motorcycle,4
Refrigerator,4
Piano,4
Small canoe,4
Pool table,4
Sofa,4
Dining table,4
Washing machine,4
Bathtub,4
Large dresser,4
Motorcycle,4
Refrigerator,4
Piano,4
Small canoe,4
Pool table,4
Sofa,4
Dining table,4
Washing machine,4
Bathtub,4
Large dresser,4
Motorcycle,4
Refrigerator,4
Piano,4
Small canoe,4
Pool table,4
Sofa,4
Dining table,4
Washing machine,4
Bathtub,4
Large dresser,4
Motorcycle,4
Refrigerator,4
Piano,4
Small canoe,4
Pool table,4
Sofa,4
Dining table,4
Washing machine,4
Bathtub,4
Large dresser,4
Motorcycle,4
Refrigerator,4
Piano,4
Small canoe,4
Pool table,4
Sofa,4
Dining table,4
Washing machine,4
Bathtub,4
Large dresser,4
Motorcycle,4
Refrigerator,4
Piano,4
Small canoe,4
Pool table,4
Sofa,4
Dining table,4
Washing machine,4
Bathtub,4
Large dresser,4
Motorcycle,4
Refrigerator,4
Piano,4
Small canoe,4
Pool table,4
Sofa,4
Dining table,4
Washing machine,4
Bathtub,4
Large dresser,4
Motorcycle,4
Refrigerator,4
Piano,4
Small canoe,4
Pool table,4
Sofa,4
Dining table,4
Washing machine,4
Bathtub,4
Large dresser,4
Motorcycle,4
Refrigerator,4
Piano,4
Small canoe,4
Pool table,4
Sofa,4
Dining table,4
Washing machine,4
Bathtub,4
Large dresser,4
Motorcycle,4
Refrigerator,4
Piano,4
Small canoe,4
Pool table,4
Sofa,4
Dining table,4
Washing machine,4
Bathtub,4
Large dresser,4
Motorcycle,4
Refrigerator,4
Piano,4
Small canoe,4
Pool table,4
Sofa,4
Dining table,4
Washing machine,4
Bathtub,4
Large dresser,4
Motorcycle,4
Refrigerator,4
Piano,4
Small canoe,4
Pool table,4
Sofa,4
Dining table,4
Washing machine,4
Bathtub,4
Large dresser,4
Motorcycle,4
Refrigerator,4
Piano,4
Small canoe,4
Pool table,4
Sofa,4
Dining table,4
Washing machine,4
Bathtub,4
Large dresser,4
Motorcycle,4
Refrigerator,4
Piano,4
Small canoe,4
Pool table,4
Sofa,4
Dining table,4
Washing machine,4
Bathtub,4
Large dresser,4
Motorcycle,4
Refrigerator,4
Piano,4
Small canoe,4
Pool table,4
Sofa,4
Dining table,4
Washing machine,4
Bathtub,4
Large dresser,4
Motorcycle,4
Refrigerator,4
Piano,4
Small canoe,4
Pool table,4
Sofa,4
Dining table,4
Washing machine,4
Bathtub,4
Large dresser,4
Motorcycle,4
Refrigerator,4
Piano,4
Small canoe,4
Pool table,4
Sofa,4
Dining table,4
Washing machine,4
Bathtub,4
Large dresser,4
Motorcycle,4
Refrigerator,4
Piano,4
Small canoe,4
Pool table,4
Sofa,4
Dining table,4
Washing machine,4
Bathtub,4
Large dresser,4
Motorcycle,4
Refrigerator,4
Piano,4
Small canoe,4
Pool table,4
Sofa,4
Dining table,4
Washing machine,4
Bathtub,4
Large dresser,4
Motorcycle,4
Refrigerator,4
Piano,4
Small canoe,4
Pool table,4
Sofa,4
Dining table,4
Washing machine,4
Bathtub,4
Large dresser,4
Motorcycle,4
Refrigerator,4
Piano,4
Small canoe,4
Pool table,4
Sofa,4
Dining table,4
Washing machine,4
Bathtub,4
Large dresser,4
Motorcycle,4
Refrigerator,4
Piano,4
Small canoe,4
Pool table,4
Sofa,4
Dining table,4
Washing machine,4
Bathtub,4
Large dresser,4
Motorcycle,4
Refrigerator,4
Piano,4
Small canoe,4
Pool table,4
Sofa,4
Dining table,4
Washing machine,4
Bathtub,4
Large dresser,4
Motorcycle,4
Refrigerator,4
Piano,4
Small canoe,4
Pool table,4
Sofa,4
Dining table,4
Washing machine,4
Bathtub,4
Large dresser,4
Motorcycle,4
Refrigerator,4
Piano,4
Small canoe,4
Pool table,4
Sofa,4
Dining table,4
Washing machine,4
Bathtub,4
Large dresser,4
Motorcycle,4
Refrigerator,4
Piano,4
Small canoe,4
Pool table,4
Sofa,4
Dining table,4
Washing machine,4
Bathtub,4
Large dresser,4
Motorcycle,4
Refrigerator,4
Piano,4
Small canoe,4
Pool table,4
Sofa,4
Dining table,4
Washing machine,4
Bathtub,4
Large dresser,4
Motorcycle,4
Refrigerator,4
Piano,4
Small canoe,4
Pool table,4
Sofa,4
Dining table,4
Washing machine,4
Bathtub,4
Large dresser,4
Motorcycle,4
Refrigerator,4
Piano,4
Small canoe,4
Pool table,4
Sofa,4
Dining table,4
Washing machine,4
Bathtub,4
Large dresser,4
Motorcycle,4
Refrigerator,4
Piano,4
Small canoe,4
Pool table,4
Sofa,4
Dining table,4
Washing machine,4
Bathtub,4
Large dresser,4
Motorcycle,4
Refrigerator,4
Piano,4
Small canoe,4
Pool table,4
Sofa,4
Dining table,4
Washing machine,4
Bathtub,4
Large dresser,4
Motorcycle,4
Refrigerator,4
Piano,4
Small canoe,4
Pool table,4
Sofa,4
Dining table,4
Washing machine,4
Bathtub,4
Large dresser,4
Motorcycle,4
Refrigerator,4
Piano,4
Small canoe,4
Pool table,4
Sofa,4
Dining table,4
Washing machine,4
Bathtub,4
Large dresser,4
Motorcycle,4
Refrigerator,4
Piano,4
Small canoe,4
Pool table,4
Sofa,4
Dining table,4
Washing machine,4
Bathtub,4
Large dresser,4
Motorcycle,4
Refrigerator,4
Piano,4
Small canoe,4
Pool table,4
Sofa,4
Dining table,4
Washing machine,4
Bathtub,4
Large dresser,4
Motorcycle,4
Refrigerator,4
Piano,4
Small canoe,4
Pool table,4
Sofa,4
Dining table,4
Washing machine,4
Bathtub,4
Large dresser,4
Motorcycle,4
Refrigerator,4
Piano,4
Small canoe,4
Pool table,4
Sofa,4
Dining table,4
Washing machine,4
Bathtub,4
Large dresser,4
Motorcycle,4
Refrigerator,4
Piano,4
Small canoe,4
Pool table,4
Sofa,4
Dining table,4
Washing machine,4
Bathtub,4
Large dresser,4
Motorcycle,4
Refrigerator,4
Piano,4
Small canoe,4
Pool table,4
Sofa,4
Dining table,4
Washing machine,4
Bathtub,4
Large dresser,4
Motorcycle,4
Refrigerator,4
Piano,4
Small canoe,4
Pool table,4
Sofa,4
Dining table,4
Washing machine,4
Bathtub,4
Large dresser,4
Motorcycle,4
Refrigerator,4
Piano,4
Small canoe,4
Pool table,4
Sofa,4
Dining table,4
Washing machine,4
Bathtub,4
Large dresser,4
Motorcycle,4
Refrigerator,4
Piano,4
Small canoe,4
Pool table,4
Sofa,4
Dining table,4
Washing machine,4
Bathtub,4
Large dresser,4
Motorcycle,4
Refrigerator,4
Piano,4
Small canoe,4
Pool table,4
Sofa,4
Dining table,4
Washing machine,4
Bathtub,4
Large dresser,4
Motorcycle,4
Refrigerator,4
Piano,4
Small canoe,4
Pool table,4
Sofa,4
Dining table,4
Washing machine,4
Bathtub,4
Large dresser,4
Motorcycle,4
Refrigerator,4
Piano,4
Small canoe,4
Pool table,4
Sofa,4
Dining table,4
Washing machine,4
Bathtub,4
Large dresser,4
Motorcycle,4
Refrigerator,4
Piano,4
Small canoe,4
Pool table,4
Sofa,4
Dining table,4
Washing machine,4
Bathtub,4
Large dresser,4
Motorcycle,4
Refrigerator,4
Piano,4
Small canoe,4
Pool table,4
Sofa,4
Dining table,4
Washing machine,4
Bathtub,4
Large dresser,4
Motorcycle,4
Refrigerator,4
Piano,4
Small canoe,4
Pool table,4
Sofa,4
Dining table,4
Washing machine,4
Bathtub,4
Large dresser,4
Motorcycle,4
Refrigerator,4
Piano,4
Small canoe,4
Pool table,4
Sofa,4
Dining table,4
Washing machine,4
Bathtub,4
Large dresser,4
Blue whale,5
Private jet,5
School bus,5
Yacht,5
Construction crane,5
Elephant,5
Bulldozer,5
Train locomotive,5
Commercial airplane,5
Tank,5
Blue whale,5
Private jet,5
School bus,5
Yacht,5
Construction crane,5
Elephant,5
Bulldozer,5
Train locomotive,5
Commercial airplane,5
Tank,5
Blue whale,5
Private jet,5
School bus,5
Yacht,5
Construction crane,5
Elephant,5
Bulldozer,5
Train locomotive,5
Commercial airplane,5
Tank,5
Blue whale,5
Private jet,5
School bus,5
Yacht,5
Construction crane,5
Elephant,5
Bulldozer,5
Train locomotive,5
Commercial airplane,5
Tank,5
Blue whale,5
Private jet,5
School bus,5
Yacht,5
Construction crane,5
Elephant,5
Bulldozer,5
Train locomotive,5
Commercial airplane,5
Tank,5
Blue whale,5
Private jet,5
School bus,5
Yacht,5
Construction crane,5
Elephant,5
Bulldozer,5
Train locomotive,5
Commercial airplane,5
Tank,5
Blue whale,5
Private jet,5
School bus,5
Yacht,5
Construction crane,5
Elephant,5
Bulldozer,5
Train locomotive,5
Commercial airplane,5
Tank,5
Blue whale,5
Private jet,5
School bus,5
Yacht,5
Construction crane,5
Elephant,5
Bulldozer,5
Train locomotive,5
Commercial airplane,5
Tank,5
Blue whale,5
Private jet,5
School bus,5
Yacht,5
Construction crane,5
Elephant,5
Bulldozer,5
Train locomotive,5
Commercial airplane,5
Tank,5
Blue whale,5
Private jet,5
School bus,5
Yacht,5
Construction crane,5
Elephant,5
Bulldozer,5
Train locomotive,5
Commercial airplane,5
Tank,5
Blue whale,5
Private jet,5
School bus,5
Yacht,5
Construction crane,5
Elephant,5
Bulldozer,5
Train locomotive,5
Commercial airplane,5
Tank,5
Blue whale,5
Private jet,5
School bus,5
Yacht,5
Construction crane,5
Elephant,5
Bulldozer,5
Train locomotive,5
Commercial airplane,5
Tank,5
Blue whale,5
Private jet,5
School bus,5
Yacht,5
Construction crane,5
Elephant,5
Bulldozer,5
Train locomotive,5
Commercial airplane,5
Tank,5
Blue whale,5
Private jet,5
School bus,5
Yacht,5
Construction crane,5
Elephant,5
Bulldozer,5
Train locomotive,5
Commercial airplane,5
Tank,5
Blue whale,5
Private jet,5
School bus,5
Yacht,5
Construction crane,5
Elephant,5
Bulldozer,5
Train locomotive,5
Commercial airplane,5
Tank,5
Blue whale,5
Private jet,5
School bus,5
Yacht,5
Construction crane,5
Elephant,5
Bulldozer,5
Train locomotive,5
Commercial airplane,5
Tank,5
Blue whale,5
Private jet,5
School bus,5
Yacht,5
Construction crane,5
Elephant,5
Bulldozer,5
Train locomotive,5
Commercial airplane,5
Tank,5
Blue whale,5
Private jet,5
School bus,5
Yacht,5
Construction crane,5
Elephant,5
Bulldozer,5
Train locomotive,5
Commercial airplane,5
Tank,5
Blue whale,5
Private jet,5
School bus,5
Yacht,5
Construction crane,5
Elephant,5
Bulldozer,5
Train locomotive,5
Commercial airplane,5
Tank,5
Blue whale,5
Private jet,5
School bus,5
Yacht,5
Construction crane,5
Elephant,5
Bulldozer,5
Train locomotive,5
Commercial airplane,5
Tank,5
Blue whale,5
Private jet,5
School bus,5
Yacht,5
Construction crane,5
Elephant,5
Bulldozer,5
Train locomotive,5
Commercial airplane,5
Tank,5
Blue whale,5
Private jet,5
School bus,5
Yacht,5
Construction crane,5
Elephant,5
Bulldozer,5
Train locomotive,5
Commercial airplane,5
Tank,5
Blue whale,5
Private jet,5
School bus,5
Yacht,5
Construction crane,5
Elephant,5
Bulldozer,5
Train locomotive,5
Commercial airplane,5
Tank,5
Blue whale,5
Private jet,5
School bus,5
Yacht,5
Construction crane,5
Elephant,5
Bulldozer,5
Train locomotive,5
Commercial airplane,5
Tank,5
Blue whale,5
Private jet,5
School bus,5
Yacht,5
Construction crane,5
Elephant,5
Bulldozer,5
Train locomotive,5
Commercial airplane,5
Tank,5
Blue whale,5
Private jet,5
School bus,5
Yacht,5
Construction crane,5
Elephant,5
Bulldozer,5
Train locomotive,5
Commercial airplane,5
Tank,5
Blue whale,5
Private jet,5
School bus,5
Yacht,5
Construction crane,5
Elephant,5
Bulldozer,5
Train locomotive,5
Commercial airplane,5
Tank,5
Blue whale,5
Private jet,5
School bus,5
Yacht,5
Construction crane,5
Elephant,5
Bulldozer,5
Train locomotive,5
Commercial airplane,5
Tank,5
Blue whale,5
Private jet,5
School bus,5
Yacht,5
Construction crane,5
Elephant,5
Bulldozer,5
Train locomotive,5
Commercial airplane,5
Tank,5
Blue whale,5
Private jet,5
School bus,5
Yacht,5
Construction crane,5
Elephant,5
Bulldozer,5
Train locomotive,5
Commercial airplane,5
Tank,5
Blue whale,5
Private jet,5
School bus,5
Yacht,5
Construction crane,5
Elephant,5
Bulldozer,5
Train locomotive,5
Commercial airplane,5
Tank,5
Blue whale,5
Private jet,5
School bus,5
Yacht,5
Construction crane,5
Elephant,5
Bulldozer,5
Train locomotive,5
Commercial airplane,5
Tank,5
Blue whale,5
Private jet,5
School bus,5
Yacht,5
Construction crane,5
Elephant,5
Bulldozer,5
Train locomotive,5
Commercial airplane,5
Tank,5
Blue whale,5
Private jet,5
School bus,5
Yacht,5
Construction crane,5
Elephant,5
Bulldozer,5
Train locomotive,5
Commercial airplane,5
Tank,5
Blue whale,5
Private jet,5
School bus,5
Yacht,5
Construction crane,5
Elephant,5
Bulldozer,5
Train locomotive,5
Commercial airplane,5
Tank,5
Blue whale,5
Private jet,5
School bus,5
Yacht,5
Construction crane,5
Elephant,5
Bulldozer,5
Train locomotive,5
Commercial airplane,5
Tank,5
Blue whale,5
Private jet,5
School bus,5
Yacht,5
Construction crane,5
Elephant,5
Bulldozer,5
Train locomotive,5
Commercial airplane,5
Tank,5
Blue whale,5
Private jet,5
School bus,5
Yacht,5
Construction crane,5
Elephant,5
Bulldozer,5
Train locomotive,5
Commercial airplane,5
Tank,5
Blue whale,5
Private jet,5
School bus,5
Yacht,5
Construction crane,5
Elephant,5
Bulldozer,5
Train locomotive,5
Commercial airplane,5
Tank,5
Blue whale,5
Private jet,5
School bus,5
Yacht,5
Construction crane,5
Elephant,5
Bulldozer,5
Train locomotive,5
Commercial airplane,5
Tank,5
Blue whale,5
Private jet,5
School bus,5
Yacht,5
Construction crane,5
Elephant,5
Bulldozer,5
Train locomotive,5
Commercial airplane,5
Tank,5
Blue whale,5
Private jet,5
School bus,5
Yacht,5
Construction crane,5
Elephant,5
Bulldozer,5
Train locomotive,5
Commercial airplane,5
Tank,5
Blue whale,5
Private jet,5
School bus,5
Yacht,5
Construction crane,5
Elephant,5
Bulldozer,5
Train locomotive,5
Commercial airplane,5
Tank,5
Blue whale,5
Private jet,5
School bus,5
Yacht,5
Construction crane,5
Elephant,5
Bulldozer,5
Train locomotive,5
Commercial airplane,5
Tank,5
Blue whale,5
Private jet,5
School bus,5
Yacht,5
Construction crane,5
Elephant,5
Bulldozer,5
Train locomotive,5
Commercial airplane,5
Tank,5
Blue whale,5
Private jet,5
School bus,5
Yacht,5
Construction crane,5
Elephant,5
Bulldozer,5
Train locomotive,5
Commercial airplane,5
Tank,5
Blue whale,5
Private jet,5
School bus,5
Yacht,5
Construction crane,5
Elephant,5
Bulldozer,5
Train locomotive,5
Commercial airplane,5
Tank,5
Blue whale,5
Private jet,5
School bus,5
Yacht,5
Construction crane,5
Elephant,5
Bulldozer,5
Train locomotive,5
Commercial airplane,5
Tank,5
Blue whale,5
Private jet,5
School bus,5
Yacht,5
Construction crane,5
Elephant,5
Bulldozer,5
Train locomotive,5
Commercial airplane,5
Tank,5
Blue whale,5
Private jet,5
School bus,5
Yacht,5
Construction crane,5
Elephant,5
Bulldozer,5
Train locomotive,5
Commercial airplane,5
Tank,5
Blue whale,5
Private jet,5
School bus,5
Yacht,5
Construction crane,5
Elephant,5
Bulldozer,5
Train locomotive,5
Commercial airplane,5
Tank,5
Blue whale,5
Private jet,5
School bus,5
Yacht,5
Construction crane,5
Elephant,5
Bulldozer,5
Train locomotive,5
Commercial airplane,5
Tank,5
Blue whale,5
Private jet,5
School bus,5
Yacht,5
Construction crane,5
Elephant,5
Bulldozer,5
Train locomotive,5
Commercial airplane,5
Tank,5
Blue whale,5
Private jet,5
School bus,5
Yacht,5
Construction crane,5
Elephant,5
Bulldozer,5
Train locomotive,5
Commercial airplane,5
Tank,5
Blue whale,5
Private jet,5
School bus,5
Yacht,5
Construction crane,5
Elephant,5
Bulldozer,5
Train locomotive,5
Commercial airplane,5
Tank,5
Blue whale,5
Private jet,5
School bus,5
Yacht,5
Construction crane,5
Elephant,5
Bulldozer,5
Train locomotive,5
Commercial airplane,5
Tank,5
Blue whale,5
Private jet,5
School bus,5
Yacht,5
Construction crane,5
Elephant,5
Bulldozer,5
Train locomotive,5
Commercial airplane,5
Tank,5
Blue whale,5
Private jet,5
School bus,5
Yacht,5
Construction crane,5
Elephant,5
Bulldozer,5
Train locomotive,5
Commercial airplane,5
Tank,5
Blue whale,5
Private jet,5
School bus,5
Yacht,5
Construction crane,5
Elephant,5
Bulldozer,5
Train locomotive,5
Commercial airplane,5
Tank,5
Blue whale,5
Private jet,5
School bus,5
Yacht,5
Construction crane,5
Elephant,5
Bulldozer,5
Train locomotive,5
Commercial airplane,5
Tank,5
Blue whale,5
Private jet,5
School bus,5
Yacht,5
Construction crane,5
Elephant,5
Bulldozer,5
Train locomotive,5
Commercial airplane,5
Tank,5
Blue whale,5
Private jet,5
School bus,5
Yacht,5
Construction crane,5
Elephant,5
Bulldozer,5
Train locomotive,5
Commercial airplane,5
Tank,5
Blue whale,5
Private jet,5
School bus,5
Yacht,5
Construction crane,5
Elephant,5
Bulldozer,5
Train locomotive,5
Commercial airplane,5
Tank,5
Blue whale,5
Private jet,5
School bus,5
Yacht,5
Construction crane,5
Elephant,5
Bulldozer,5
Train locomotive,5
Commercial airplane,5
Tank,5
Blue whale,5
Private jet,5
School bus,5
Yacht,5
Construction crane,5
Elephant,5
Bulldozer,5
Train locomotive,5
Commercial airplane,5
Tank,5
Blue whale,5
Private jet,5
School bus,5
Yacht,5
Construction crane,5
Elephant,5
Bulldozer,5
Train locomotive,5
Commercial airplane,5
Tank,5
Blue whale,5
Private jet,5
School bus,5
Yacht,5
Construction crane,5
Elephant,5
Bulldozer,5
Train locomotive,5
Commercial airplane,5
Tank,5
Blue whale,5
Private jet,5
School bus,5
Yacht,5
Construction crane,5
Elephant,5
Bulldozer,5
Train locomotive,5
Commercial airplane,5
Tank,5
Blue whale,5
Private jet,5
School bus,5
Yacht,5
Construction crane,5
Elephant,5
Bulldozer,5
Train locomotive,5
Commercial airplane,5
Tank,5
Blue whale,5
Private jet,5
School bus,5
Yacht,5
Construction crane,5
Elephant,5
Bulldozer,5
Train locomotive,5
Commercial airplane,5
Tank,5
Blue whale,5
Private jet,5
School bus,5
Yacht,5
Construction crane,5
Elephant,5
Bulldozer,5
Train locomotive,5
Commercial airplane,5
Tank,5
Blue whale,5
Private jet,5
School bus,5
Yacht,5
Construction crane,5
Elephant,5
Bulldozer,5
Train locomotive,5
Commercial airplane,5
Tank,5
Blue whale,5
Private jet,5
School bus,5
Yacht,5
Construction crane,5
Elephant,5
Bulldozer,5
Train locomotive,5
Commercial airplane,5
Tank,5
Blue whale,5
Private jet,5
School bus,5
Yacht,5
Construction crane,5
Elephant,5
Bulldozer,5
Train locomotive,5
Commercial airplane,5
Tank,5
Blue whale,5
Private jet,5
School bus,5
Yacht,5
Construction crane,5
Elephant,5
Bulldozer,5
Train locomotive,5
Commercial airplane,5
Tank,5
Blue whale,5
Private jet,5
School bus,5
Yacht,5
Construction crane,5
Elephant,5
Bulldozer,5
Train locomotive,5
Commercial airplane,5
Tank,5
Blue whale,5
Private jet,5
School bus,5
Yacht,5
Construction crane,5
Elephant,5
Bulldozer,5
Train locomotive,5
Commercial airplane,5
Tank,5
Blue whale,5
Private jet,5
School bus,5
Yacht,5
Construction crane,5
Elephant,5
Bulldozer,5
Train locomotive,5
Commercial airplane,5
Tank,5
Blue whale,5
Private jet,5
School bus,5
Yacht,5
Construction crane,5
Elephant,5
Bulldozer,5
Train locomotive,5
Commercial airplane,5
Tank,5
Blue whale,5
Private jet,5
School bus,5
Yacht,5
Construction crane,5
Elephant,5
Bulldozer,5
Train locomotive,5
Commercial airplane,5
Tank,5
Blue whale,5
Private jet,5
School bus,5
Yacht,5
Construction crane,5
Elephant,5
Bulldozer,5
Train locomotive,5
Commercial airplane,5
Tank,5
Blue whale,5
Private jet,5
School bus,5
Yacht,5
Construction crane,5
Elephant,5
Bulldozer,5
Train locomotive,5
Commercial airplane,5
Tank,5
Blue whale,5
Private jet,5
School bus,5
Yacht,5
Construction crane,5
Elephant,5
Bulldozer,5
Train locomotive,5
Commercial airplane,5
Tank,5
Blue whale,5
Private jet,5
School bus,5
Yacht,5
Construction crane,5
Elephant,5
Bulldozer,5
Train locomotive,5
Commercial airplane,5
Tank,5
Blue whale,5
Private jet,5
School bus,5
Yacht,5
Construction crane,5
Elephant,5
Bulldozer,5
Train locomotive,5
Commercial airplane,5
Tank,5
Blue whale,5
Private jet,5
School bus,5
Yacht,5
Construction crane,5
Elephant,5
Bulldozer,5
Train locomotive,5
Commercial airplane,5
Tank,5
Blue whale,5
Private jet,5
School bus,5
Yacht,5
Construction crane,5
Elephant,5
Bulldozer,5
Train locomotive,5
Commercial airplane,5
Tank,5
Blue whale,5
Private jet,5
School bus,5
Yacht,5
Construction crane,5
Elephant,5
Bulldozer,5
Train locomotive,5
Commercial airplane,5
Tank,5
Blue whale,5
Private jet,5
School bus,5
Yacht,5
Construction crane,5
Elephant,5
Bulldozer,5
Train locomotive,5
Commercial airplane,5
Tank,5
Blue whale,5
Private jet,5
School bus,5
Yacht,5
Construction crane,5
Elephant,5
Bulldozer,5
Train locomotive,5
Commercial airplane,5
Tank,5
Blue whale,5
Private jet,5
School bus,5
Yacht,5
Construction crane,5
Elephant,5
Bulldozer,5
Train locomotive,5
Commercial airplane,5
Tank,5
Blue whale,5
Private jet,5
School bus,5
Yacht,5
Construction crane,5
Elephant,5
Bulldozer,5
Train locomotive,5
Commercial airplane,5
Tank,5
Blue whale,5
Private jet,5
School bus,5
Yacht,5
Construction crane,5
Elephant,5
Bulldozer,5
Train locomotive,5
Commercial airplane,5
Tank,5
Blue whale,5
Private jet,5
School bus,5
Yacht,5
Construction crane,5
Elephant,5
Bulldozer,5
Train locomotive,5
Commercial airplane,5
Tank,5
Blue whale,5
Private jet,5
School bus,5
Yacht,5
Construction crane,5
Elephant,5
Bulldozer,5
Train locomotive,5
Commercial airplane,5
Tank,5
Blue whale,5
Private jet,5
School bus,5
Yacht,5
Construction crane,5
Elephant,5
Bulldozer,5
Train locomotive,5
Commercial airplane,5
Tank,5
Blue whale,5
Private jet,5
School bus,5
Yacht,5
Construction crane,5
Elephant,5
Bulldozer,5
Train locomotive,5
Commercial airplane,5
Tank,5
Blue whale,5
Private jet,5
School bus,5
Yacht,5
Construction crane,5
Elephant,5
Bulldozer,5
Train locomotive,5
Commercial airplane,5
Tank,5
Blue whale,5
Private jet,5
School bus,5
Yacht,5
Construction crane,5
Elephant,5
Bulldozer,5
Train locomotive,5
Commercial airplane,5
Tank,5
Blue whale,5
Private jet,5
School bus,5
Yacht,5
Construction crane,5
Elephant,5
Bulldozer,5
Train locomotive,5
Commercial airplane,5
Tank,5
